{
  "spike": "S5_ear_variance",
  "label": "with_glasses",
  "total_frames": 200,
  "valid_frames": 200,
  "valid_ratio": 1.0,
  "ear_mean": 0.4028,
  "ear_std": 0.0249,
  "ear_variance": 0.000621,
  "window_variances": [
    0.000224,
    0.000133,
    0.002749,
    0.000623,
    3e-06,
    5e-06,
    0.000482,
    2e-06,
    2.4e-05,
    2e-06,
    1e-06,
    0.000893,
    2.7e-05
  ],
  "window_variance_mean": 0.000398,
  "window_variance_max": 0.002749,
  "window_variance_std": 0.000733,
  "window_count": 13,
  "params": {
    "yaw_thresh": 10.0,
    "pitch_thresh": 20.0,
    "ear_min": 0.08,
    "variance_window": 15
  }
}