{
  "spike": "S2_blendshapes",
  "label": "no_glasses",
  "total_frames": 198,
  "valid_frames": 198,
  "baseline_ear": 0.4132,
  "ear_cv": 0.09,
  "cqs": 0.865,
  "cqs_pass": true,
  "blendshapes_count": 198,
  "sample_blendshapes": [
    [
      [
        "_neutral",
        1.4610515108870459e-06
      ],
      [
        "browDownLeft",
        0.0014032202307134867
      ],
      [
        "browDownRight",
        0.0013005611253902316
      ],
      [
        "browInnerUp",
        0.6664878129959106
      ],
      [
        "browOuterUpLeft",
        0.39156264066696167
      ],
      [
        "browOuterUpRight",
        0.2560136020183563
      ],
      [
        "cheekPuff",
        1.2381621672830079e-05
      ],
      [
        "cheekSquintLeft",
        6.656172786279058e-07
      ],
      [
        "cheekSquintRight",
        7.429583774865023e-07
      ],
      [
        "eyeBlinkLeft",
        0.006115360651165247
      ],
      [
        "eyeBlinkRight",
        0.005576684605330229
      ],
      [
        "eyeLookDownLeft",
        0.030689965933561325
      ],
      [
        "eyeLookDownRight",
        0.04068335145711899
      ],
      [
        "eyeLookInLeft",
        0.07373607903718948
      ],
      [
        "eyeLookInRight",
        0.08258052170276642
      ],
      [
        "eyeLookOutLeft",
        0.06024559587240219
      ],
      [
        "eyeLookOutRight",
        0.054646432399749756
      ],
      [
        "eyeLookUpLeft",
        0.2733790874481201
      ],
      [
        "eyeLookUpRight",
        0.20416903495788574
      ],
      [
        "eyeSquintLeft",
        0.05844328925013542
      ],
      [
        "eyeSquintRight",
        0.03213505074381828
      ],
      [
        "eyeWideLeft",
        0.10623835772275925
      ],
      [
        "eyeWideRight",
        0.09671194106340408
      ],
      [
        "jawForward",
        8.904639798856806e-06
      ],
      [
        "jawLeft",
        0.042417656630277634
      ],
      [
        "jawOpen",
        0.051054153591394424
      ],
      [
        "jawRight",
        2.7222582502872683e-05
      ],
      [
        "mouthClose",
        0.007871986366808414
      ],
      [
        "mouthDimpleLeft",
        0.004485812038183212
      ],
      [
        "mouthDimpleRight",
        0.0037648091092705727
      ],
      [
        "mouthFrownLeft",
        7.692418148508295e-05
      ],
      [
        "mouthFrownRight",
        7.46475052437745e-05
      ],
      [
        "mouthFunnel",
        0.00725322961807251
      ],
      [
        "mouthLeft",
        0.013710514642298222
      ],
      [
        "mouthLowerDownLeft",
        0.00032900049700401723
      ],
      [
        "mouthLowerDownRight",
        0.0004753952380269766
      ],
      [
        "mouthPressLeft",
        0.0013812016695737839
      ],
      [
        "mouthPressRight",
        0.0015304455300793052
      ],
      [
        "mouthPucker",
        0.9779411554336548
      ],
      [
        "mouthRight",
        0.0018342994153499603
      ],
      [
        "mouthRollLower",
        0.5619193315505981
      ],
      [
        "mouthRollUpper",
        0.16489793360233307
      ],
      [
        "mouthShrugLower",
        0.358083039522171
      ],
      [
        "mouthShrugUpper",
        0.08388090133666992
      ],
      [
        "mouthSmileLeft",
        1.8887422470470483e-07
      ],
      [
        "mouthSmileRight",
        7.890113806752197e-08
      ],
      [
        "mouthStretchLeft",
        1.8527032807469368e-05
      ],
      [
        "mouthStretchRight",
        1.236457046616124e-05
      ],
      [
        "mouthUpperUpLeft",
        6.659537029918283e-05
      ],
      [
        "mouthUpperUpRight",
        0.0001063892777892761
      ],
      [
        "noseSneerLeft",
        8.66018922351941e-07
      ],
      [
        "noseSneerRight",
        9.124592992293401e-08
      ]
    ],
    [
      [
        "_neutral",
        1.1785571132350015e-06
      ],
      [
        "browDownLeft",
        0.0015077530406415462
      ],
      [
        "browDownRight",
        0.0011781377252191305
      ],
      [
        "browInnerUp",
        0.6474850177764893
      ],
      [
        "browOuterUpLeft",
        0.3276984393596649
      ],
      [
        "browOuterUpRight",
        0.27087801694869995
      ],
      [
        "cheekPuff",
        1.3581478015112225e-05
      ],
      [
        "cheekSquintLeft",
        6.015398525960336e-07
      ],
      [
        "cheekSquintRight",
        7.576082907689852e-07
      ],
      [
        "eyeBlinkLeft",
        0.007444633170962334
      ],
      [
        "eyeBlinkRight",
        0.004676546435803175
      ],
      [
        "eyeLookDownLeft",
        0.03545385226607323
      ],
      [
        "eyeLookDownRight",
        0.045040588825941086
      ],
      [
        "eyeLookInLeft",
        0.06272097676992416
      ],
      [
        "eyeLookInRight",
        0.12501260638237
      ],
      [
        "eyeLookOutLeft",
        0.08020948618650436
      ],
      [
        "eyeLookOutRight",
        0.028942830860614777
      ],
      [
        "eyeLookUpLeft",
        0.24249666929244995
      ],
      [
        "eyeLookUpRight",
        0.18475644290447235
      ],
      [
        "eyeSquintLeft",
        0.06703722476959229
      ],
      [
        "eyeSquintRight",
        0.030807796865701675
      ],
      [
        "eyeWideLeft",
        0.09488347917795181
      ],
      [
        "eyeWideRight",
        0.11369246244430542
      ],
      [
        "jawForward",
        6.981111255299766e-06
      ],
      [
        "jawLeft",
        0.0390741229057312
      ],
      [
        "jawOpen",
        0.051055654883384705
      ],
      [
        "jawRight",
        2.6828061891137622e-05
      ],
      [
        "mouthClose",
        0.005028256215155125
      ],
      [
        "mouthDimpleLeft",
        0.004912708420306444
      ],
      [
        "mouthDimpleRight",
        0.004238438792526722
      ],
      [
        "mouthFrownLeft",
        0.00014636261039413512
      ],
      [
        "mouthFrownRight",
        0.00014874669432174414
      ],
      [
        "mouthFunnel",
        0.002072056755423546
      ],
      [
        "mouthLeft",
        0.0103064626455307
      ],
      [
        "mouthLowerDownLeft",
        0.0004027005925308913
      ],
      [
        "mouthLowerDownRight",
        0.0004846111114602536
      ],
      [
        "mouthPressLeft",
        0.0023883895482867956
      ],
      [
        "mouthPressRight",
        0.0027083628810942173
      ],
      [
        "mouthPucker",
        0.9247596859931946
      ],
      [
        "mouthRight",
        0.0014500494580715895
      ],
      [
        "mouthRollLower",
        0.6868211627006531
      ],
      [
        "mouthRollUpper",
        0.2445845752954483
      ],
      [
        "mouthShrugLower",
        0.43601319193840027
      ],
      [
        "mouthShrugUpper",
        0.06485828012228012
      ],
      [
        "mouthSmileLeft",
        2.1456060039781732e-07
      ],
      [
        "mouthSmileRight",
        8.225808301176585e-08
      ],
      [
        "mouthStretchLeft",
        2.957054130092729e-05
      ],
      [
        "mouthStretchRight",
        1.5240769243973773e-05
      ],
      [
        "mouthUpperUpLeft",
        4.032768265460618e-05
      ],
      [
        "mouthUpperUpRight",
        5.367098856368102e-05
      ],
      [
        "noseSneerLeft",
        7.901512617536355e-07
      ],
      [
        "noseSneerRight",
        9.67294226938975e-08
      ]
    ],
    [
      [
        "_neutral",
        1.1248488362980424e-06
      ],
      [
        "browDownLeft",
        0.0009748562006279826
      ],
      [
        "browDownRight",
        0.0007476003374904394
      ],
      [
        "browInnerUp",
        0.7228031158447266
      ],
      [
        "browOuterUpLeft",
